movie_id,final_genre,year_group
1,Animation,Old
2,Action,Old
3,Thriller,Old
4,Action,Old
5,Crime,Old
6,Drama,Old
7,Drama,Old
8,Children,Old
9,Drama,Old
10,Drama,Old
11,Crime,Old
12,Crime,Old
13,Comedy,Old
14,Drama,Old
15,Drama,Old
16,Comedy,Old
17,Action,New
18,Drama,Old
19,Drama,Old
20,Drama,Old
21,Action,New
22,Action,Old
23,Drama,Old
24,Action,Old
25,Comedy,New
26,Comedy,Old
27,Action,Old
28,Action,Old
29,Action,Old
30,Drama,Old
31,Drama,Old
32,Documentary,Old
33,Action,Old
34,Comedy,Old
35,Adventure,Old
36,Drama,Old
37,Drama,Old
38,Sci-Fi,Old
39,Action,Old
40,Comedy,Old
41,Comedy,Old
42,Comedy,Old
43,Drama,Old
44,Drama,Old
45,Comedy,Old
46,Drama,Old
47,Comedy,Old
48,Documentary,Old
49,Comedy,Old
50,Action,Old
51,Drama,Old
52,Drama,Old
53,Action,Old
54,Action,Old
55,Crime,Old
56,Crime,Old
57,Drama,Old
58,Drama,Old
59,Drama,Old
60,Drama,Old
61,Drama,Old
62,Action,Old
63,Children,Old
64,Drama,Old
65,Comedy,Old
66,Comedy,Old
67,Comedy,Old
68,Action,Old
69,Comedy,Old
70,Comedy,Old
71,Animation,Old
72,Comedy,Old
73,Action,Old
74,Action,Old
75,Documentary,Old
76,Crime,Old
77,Drama,Old
78,Adventure,Old
79,Action,Old
80,Action,Old
81,Comedy,Old
82,Action,Old
83,Comedy,Old
84,Horror,Old
85,Comedy,Old
86,Drama,Old
87,Drama,Old
88,Comedy,Old
89,Film-Noir,Old
90,Comedy,Old
91,Children,Old
92,Action,Old
93,Comedy,Old
94,Children,Old
95,Animation,Old
96,Action,Old
97,Adventure,Old
98,Drama,Old
99,Animation,Old
100,Crime,New
101,Action,Old
102,Animation,Old
103,Animation,New
104,Comedy,Old
105,Comedy,New
106,Drama,New
107,Drama,New
108,Comedy,New
109,Comedy,New
110,Action,Old
111,Comedy,New
112,Adventure,New
113,Drama,Old
114,Animation,New
115,Documentary,Old
116,Comedy,Old
117,Action,New
118,Action,New
119,Documentary,Old
120,Comedy,New
121,Action,New
122,Comedy,New
123,Comedy,New
124,Drama,New
125,Drama,New
126,Drama,New
127,Action,Old
128,Action,Old
129,Crime,New
130,Crime,New
131,Drama,Old
132,Adventure,Old
133,Drama,Old
134,Drama,Old
135,Drama,Old
136,Drama,Old
137,Drama,New
138,Children,New
139,Children,Old
140,Adventure,Old
141,Adventure,Old
142,Adventure,Old
143,Musical,Old
144,Action,Old
145,Action,Old
146,Drama,New
147,Action,New
148,Action,New
149,Drama,New
150,Comedy,New
151,Adventure,Old
152,Comedy,Old
153,Comedy,Old
154,Comedy,Old
155,Musical,Old
156,Crime,Old
157,Drama,Old
158,Comedy,Old
159,Mystery,Old
160,Drama,Old
161,Action,Old
162,Drama,Old
163,Comedy,Old
164,Action,Old
165,Drama,Old
166,Drama,Old
167,Comedy,Old
168,Comedy,Old
169,Animation,Old
170,Comedy,Old
171,Comedy,Old
172,Action,Old
173,Action,Old
174,Action,Old
175,Sci-Fi,Old
176,Action,Old
177,Action,Old
178,Drama,Old
179,Sci-Fi,Old
180,Drama,Old
181,Action,Old
182,Crime,Old
183,Action,Old
184,Action,Old
185,Horror,New
186,Action,Old
187,Action,Old
188,Action,Old
189,Animation,Old
190,Drama,Old
191,Drama,Old
192,Drama,Old
193,Drama,Old
194,Comedy,Old
195,Action,Old
196,Drama,Old
197,Drama,Old
198,Thriller,Old
199,Drama,Old
200,Horror,Old
201,Action,Old
202,Comedy,Old
203,Western,Old
204,Comedy,Old
205,Drama,Old
206,Adventure,Old
207,Action,Old
208,Comedy,Old
209,Comedy,Old
210,Action,Old
211,Comedy,Old
212,Drama,Old
213,Drama,Old
214,Drama,Old
215,Drama,Old
216,Comedy,Old
217,Horror,Old
218,Thriller,Old
219,Horror,Old
220,Comedy,New
221,Drama,New
222,Action,New
223,Drama,New
224,Drama,New
225,Children,New
226,Action,Old
227,Action,Old
228,Action,Old
229,Action,Old
230,Action,Old
231,Action,Old
232,Action,Old
233,Action,Old
234,Action,Old
235,Action,New
236,Comedy,New
237,Drama,New
238,Comedy,Old
239,Crime,Old
240,Animation,New
241,Action,Old
242,Comedy,New
243,Children,New
244,Action,New
245,Action,New
246,Drama,New
247,Action,New
248,Comedy,New
249,Comedy,New
250,Action,New
251,Comedy,New
252,Action,New
253,Drama,Old
254,Action,New
255,Comedy,New
256,Comedy,New
257,Action,New
258,Drama,New
259,Children,New
260,Action,New
261,Children,New
262,Drama,New
263,Action,New
264,Sci-Fi,New
265,Action,Old
266,Action,New
267,unknown,Old
268,Drama,New
269,Comedy,New
270,Drama,New
271,Action,New
272,Drama,New
273,Action,Old
274,Comedy,Old
275,Drama,Old
276,Drama,Old
277,Drama,Old
278,Drama,New
279,Drama,Old
280,Drama,New
281,Action,Old
282,Drama,New
283,Drama,New
284,Comedy,New
285,Drama,New
286,Drama,New
287,Drama,New
288,Horror,New
289,Drama,New
290,Comedy,New
291,Mystery,New
292,Drama,New
293,Crime,New
294,Comedy,New
295,Action,New
296,Drama,New
297,Drama,New
298,Action,New
299,Crime,New
300,Action,New
301,Comedy,New
302,Crime,New
303,Drama,New
304,Adventure,New
305,Drama,New
306,Drama,New
307,Crime,New
308,Children,New
309,Crime,New
310,Drama,New
311,Drama,New
312,Comedy,New
313,Action,New
314,Action,New
315,Drama,New
316,Comedy,New
317,Drama,Old
318,Drama,Old
319,Comedy,New
320,Documentary,New
321,Comedy,New
322,Mystery,New
323,Action,New
324,Mystery,New
325,Drama,New
326,Action,New
327,Crime,New
328,Action,New
329,Crime,New
330,Drama,New
331,Adventure,New
332,Crime,New
333,Mystery,New
334,Action,New
335,Comedy,New
336,Crime,New
337,Comedy,New
338,Comedy,New
339,Action,New
340,Drama,New
341,Comedy,New
342,Comedy,New
343,Action,New
344,Drama,New
345,Comedy,New
346,Crime,New
347,Comedy,New
348,Crime,New
349,Action,New
350,Action,New
351,Horror,New
352,Comedy,New
353,Action,New
354,Comedy,New
355,Adventure,New
356,Drama,Old
357,Drama,Old
358,Action,New
359,Thriller,New
360,Documentary,New
361,Crime,New
362,Action,New
363,Action,Old
364,Comedy,Old
365,Drama,Old
366,Drama,Old
367,Comedy,Old
368,Comedy,New
369,Comedy,New
370,Drama,New
371,Drama,Old
372,Comedy,Old
373,Action,Old
374,Action,Old
375,Drama,Old
376,Comedy,Old
377,Children,Old
378,Drama,Old
379,Horror,Old
380,Action,Old
381,Comedy,Old
382,Comedy,Old
383,Children,Old
384,Comedy,Old
385,Action,Old
386,Comedy,Old
387,Drama,Old
388,Action,Old
389,Adventure,Old
390,Comedy,Old
391,Action,Old
392,Drama,Old
393,Comedy,Old
394,Comedy,Old
395,Comedy,Old
396,Comedy,Old
397,Action,Old
398,Action,Old
399,Action,Old
400,Children,Old
401,Comedy,Old
402,Comedy,Old
403,Action,Old
404,Animation,Old
405,Action,New
406,Horror,New
407,Comedy,New
408,Animation,Old
409,Comedy,New
410,Comedy,New
411,Comedy,New
412,Comedy,New
413,Horror,New
414,Comedy,Old
415,Children,Old
416,Children,Old
417,Children,Old
418,Animation,Old
419,Children,Old
420,Animation,Old
421,Drama,New
422,Animation,New
423,Children,Old
424,Horror,New
425,Comedy,Old
426,Action,Old
427,Drama,Old
428,Comedy,Old
429,Drama,Old
430,Comedy,Old
431,Action,Old
432,Animation,Old
433,Comedy,Old
434,Sci-Fi,Old
435,Action,Old
436,Horror,Old
437,Horror,Old
438,Horror,Old
439,Horror,Old
440,Horror,Old
441,Horror,Old
442,Horror,Old
443,Horror,Old
444,Horror,Old
445,Horror,Old
446,Horror,Old
447,Horror,Old
448,Horror,Old
449,Action,Old
450,Action,Old
451,Comedy,Old
452,Action,Old
453,Action,Old
454,Drama,New
455,Action,New
456,Action,New
457,Adventure,New
458,Drama,Old
459,Drama,Old
460,Drama,Old
461,Drama,Old
462,Drama,Old
463,Adventure,Old
464,Drama,Old
465,Adventure,Old
466,Thriller,Old
467,Drama,Old
468,Drama,Old
469,Drama,Old
470,Western,Old
471,Drama,New
472,Action,New
473,Animation,New
474,Sci-Fi,Old
475,Drama,New
476,Comedy,New
477,Children,New
478,Comedy,Old
479,Mystery,Old
480,Comedy,Old
481,Comedy,Old
482,Comedy,Old
483,Drama,Old
484,Film-Noir,Old
485,Musical,Old
486,Comedy,Old
487,Comedy,Old
488,Film-Noir,Old
489,Film-Noir,Old
490,Comedy,Old
491,Action,Old
492,Drama,Old
493,Mystery,Old
494,Comedy,Old
495,Adventure,Old
496,Drama,Old
497,Comedy,Old
498,Action,Old
499,Drama,Old
500,Adventure,New
501,Animation,Old
502,Comedy,Old
503,Drama,Old
504,Crime,Old
505,Mystery,Old
506,Drama,Old
507,Drama,Old
508,Drama,New
509,Drama,Old
510,Action,Old
511,Adventure,Old
512,Comedy,Old
513,Mystery,Old
514,Comedy,Old
515,Action,Old
516,Comedy,Old
517,Comedy,Old
518,Drama,Old
519,Adventure,Old
520,Adventure,Old
521,Drama,Old
522,Comedy,Old
523,Comedy,Old
524,Comedy,Old
525,Film-Noir,Old
526,Action,Old
527,Drama,Old
528,Drama,Old
529,Drama,Old
530,Adventure,Old
531,Drama,New
532,Romance,New
533,Mystery,New
534,Drama,New
535,Comedy,New
536,Drama,New
537,Drama,Old
538,Animation,New
539,Children,New
540,Action,Old
541,Action,Old
542,Animation,Old
543,Drama,Old
544,Crime,Old
545,Comedy,Old
546,Action,New
547,Crime,Old
548,Children,Old
549,Drama,Old
550,Action,Old
551,Horror,Old
552,Sci-Fi,Old
553,Drama,Old
554,Action,Old
555,Drama,Old
556,Western,Old
557,Drama,Old
558,Drama,Old
559,Drama,Old
560,Adventure,Old
561,Drama,Old
562,Action,Old
563,Horror,Old
564,Comedy,Old
565,Horror,Old
566,Action,Old
567,Horror,Old
568,Action,Old
569,Drama,Old
570,Western,Old
571,Comedy,Old
572,Action,Old
573,Horror,Old
574,Mystery,Old
575,Comedy,Old
576,Action,Old
577,Comedy,Old
578,Action,Old
579,Comedy,Old
580,Comedy,Old
581,Drama,Old
582,Drama,Old
583,Crime,Old
584,Children,Old
585,Comedy,Old
586,Action,Old
587,Drama,Old
588,Animation,Old
589,Western,Old
590,Action,New
591,Drama,New
592,Mystery,Old
593,War,Old
594,Drama,Old
595,Thriller,New
596,Animation,New
597,Action,New
598,Comedy,New
599,Action,Old
600,Children,New
601,Adventure,Old
602,Musical,Old
603,Mystery,Old
604,Comedy,Old
605,Musical,Old
606,Drama,Old
607,Romance,Old
608,Mystery,Old
609,Comedy,Old
610,Musical,Old
611,Crime,Old
612,Drama,Old
613,Comedy,Old
614,Drama,Old
615,Thriller,Old
616,Horror,Old
617,Drama,Old
618,Drama,Old
619,Drama,New
620,Drama,New
621,Western,Old
622,Adventure,Old
623,Children,Old
624,Animation,Old
625,Animation,Old
626,Children,Old
627,Drama,Old
628,Crime,New
629,Comedy,Old
630,Comedy,Old
631,Action,Old
632,Drama,Old
633,Drama,Old
634,Documentary,New
635,Horror,Old
636,Action,Old
637,Comedy,Old
638,Drama,Old
639,Drama,Old
640,Drama,Old
641,Drama,Old
642,Crime,Old
643,Drama,Old
644,Documentary,Old
645,Documentary,Old
646,Western,Old
647,Drama,Old
648,Comedy,Old
649,Crime,Old
650,Drama,Old
651,Action,Old
652,Comedy,Old
653,Crime,Old
654,Film-Noir,Old
655,Adventure,Old
656,Crime,Old
657,Film-Noir,Old
658,Drama,Old
659,Comedy,Old
660,Drama,Old
661,Western,Old
662,Drama,Old
663,Comedy,Old
664,Drama,Old
665,Action,Old
666,Horror,Old
667,Horror,Old
668,Action,Old
669,Horror,Old
670,Horror,Old
671,Horror,Old
672,Horror,Old
673,Film-Noir,Old
674,Horror,Old
675,Horror,Old
676,Drama,New
677,Documentary,New
678,Drama,New
679,Action,Old
680,Action,New
681,Horror,New
682,Horror,New
683,Comedy,New
684,Action,Old
685,Action,New
686,Action,Old
687,Comedy,New
688,Comedy,New
689,Action,New
690,Drama,New
691,Film-Noir,New
692,Comedy,Old
693,Drama,Old
694,Romance,Old
695,Comedy,Old
696,Drama,New
697,Drama,Old
698,Drama,Old
699,Drama,Old
700,Comedy,Old
701,Documentary,Old
702,Comedy,Old
703,Drama,Old
704,Drama,Old
705,Musical,Old
706,Horror,New
707,Drama,Old
708,Drama,Old
709,Comedy,Old
710,Comedy,Old
711,Drama,New
712,Comedy,Old
713,Drama,Old
714,Drama,Old
715,Comedy,Old
716,Drama,Old
717,Drama,New
718,Comedy,Old
719,Comedy,Old
720,Action,Old
721,Comedy,Old
722,Comedy,Old
723,Comedy,Old
724,Drama,Old
725,Comedy,Old
726,Children,Old
727,Drama,Old
728,Comedy,Old
729,Drama,Old
730,Drama,Old
731,Comedy,Old
732,Comedy,Old
733,Drama,Old
734,Comedy,Old
735,Drama,Old
736,Drama,Old
737,Comedy,Old
738,Comedy,Old
739,Comedy,Old
740,Drama,New
741,Drama,Old
742,Drama,New
743,Action,New
744,Drama,New
745,Comedy,Old
746,Comedy,Old
747,Comedy,Old
748,Action,New
749,Comedy,New
750,Drama,New
751,Action,New
752,Action,New
753,Drama,Old
754,Crime,New
755,Action,Old
756,Comedy,Old
757,Documentary,Old
758,Sci-Fi,New
759,Action,Old
760,Sci-Fi,Old
761,Action,Old
762,Drama,New
763,Comedy,New
764,Comedy,New
765,Comedy,Old
766,Documentary,Old
767,Horror,Old
768,Adventure,Old
769,Action,Old
770,Crime,Old
771,Action,Old
772,Drama,Old
773,Thriller,Old
774,Horror,Old
775,Comedy,Old
776,Drama,Old
777,Horror,Old
778,Comedy,Old
779,Action,Old
780,Comedy,Old
781,Comedy,Old
782,Drama,Old
783,Comedy,Old
784,Drama,Old
785,Comedy,Old
786,Comedy,Old
787,Comedy,Old
788,Horror,Old
789,Comedy,Old
790,Comedy,Old
791,Children,Old
792,Comedy,Old
793,Comedy,Old
794,Drama,Old
795,Children,Old
796,Comedy,Old
797,Action,Old
798,Action,Old
799,Drama,Old
800,Horror,Old
801,Comedy,Old
802,Action,Old
803,Action,Old
804,Comedy,Old
805,Comedy,Old
806,Action,Old
807,Drama,Old
808,Action,Old
809,Action,Old
810,Action,Old
811,Documentary,Old
812,Adventure,Old
813,Documentary,Old
814,Documentary,Old
815,Drama,New
816,Horror,Old
817,Drama,Old
818,Comedy,New
819,Comedy,New
820,Adventure,New
821,Comedy,New
822,Drama,Old
823,Crime,New
824,Comedy,New
825,Action,New
826,Adventure,New
827,Action,New
828,Adventure,New
829,Action,New
830,Action,Old
831,Action,New
832,Children,New
833,Action,New
834,Horror,Old
835,Comedy,Old
836,Comedy,Old
837,Drama,Old
838,Action,Old
839,Horror,Old
840,Action,New
841,Action,New
842,Children,Old
843,Children,Old
844,Crime,New
845,Comedy,New
846,Drama,New
847,Documentary,New
848,Film-Noir,Old
849,Action,Old
850,Documentary,New
851,Drama,Old
852,Drama,New
853,Comedy,Old
854,Comedy,Old
855,Action,Old
856,Comedy,Old
857,Documentary,Old
858,Horror,New
859,Comedy,Old
860,Horror,Old
861,Horror,Old
862,Adventure,New
863,Drama,Old
864,Comedy,New
865,Drama,New
866,Comedy,New
867,Drama,New
868,Drama,New
869,Comedy,New
870,Romance,New
871,Comedy,New
872,Romance,New
873,Comedy,New
874,Drama,New
875,Drama,New
876,Action,New
877,Adventure,New
878,Children,New
879,Action,New
880,Drama,New
881,Action,New
882,Drama,New
883,Drama,New
884,Documentary,New
885,Horror,New
886,Romance,New
887,Drama,New
888,Drama,New
889,Romance,New
890,Action,New
891,Drama,New
892,Children,New
893,Comedy,New
894,Children,New
895,Horror,New
896,Drama,New
897,Action,Old
898,Drama,New
899,Drama,New
900,Drama,New
901,Comedy,New
902,Comedy,New
903,Drama,New
904,Comedy,New
905,Drama,New
906,Drama,New
907,Comedy,New
908,Comedy,New
909,Drama,New
910,Drama,New
911,Crime,New
912,Action,New
913,Comedy,New
914,Crime,New
915,Drama,New
916,Action,New
917,Action,New
918,Romance,New
919,Adventure,Old
920,Drama,Old
921,Drama,Old
922,Western,Old
923,Drama,Old
924,Adventure,New
925,Sci-Fi,New
926,Comedy,New
927,Drama,Old
928,Drama,New
929,Children,New
930,Action,New
931,Sci-Fi,New
932,Children,New
933,Drama,New
934,Drama,New
935,Drama,New
936,Comedy,New
937,Drama,New
938,Comedy,New
939,Drama,Old
940,Comedy,Old
941,Comedy,Old
942,Drama,Old
943,Thriller,Old
944,Comedy,Old
945,Comedy,Old
946,Animation,Old
947,Adventure,Old
948,Comedy,New
949,Drama,Old
950,Drama,Old
951,Adventure,Old
952,Comedy,Old
953,Comedy,Old
954,Documentary,Old
955,Drama,Old
956,Drama,Old
957,Comedy,Old
958,Drama,Old
959,Comedy,Old
960,Drama,Old
961,Drama,Old
962,Drama,Old
963,Drama,Old
964,Comedy,Old
965,Comedy,Old
966,Romance,Old
967,Drama,Old
968,Musical,Old
969,Animation,Old
970,Comedy,Old
971,Comedy,Old
972,Drama,Old
973,Documentary,Old
974,Drama,New
975,Thriller,New
976,Action,New
977,Action,New
978,Mystery,New
979,Drama,New
980,Drama,New
981,Drama,New
982,Action,New
983,Thriller,New
984,Thriller,New
985,Drama,New
986,Thriller,New
987,Thriller,New
988,Comedy,New
989,Animation,New
990,Drama,New
991,Crime,New
992,Comedy,New
993,Adventure,New
994,Drama,New
995,Comedy,New
996,Children,Old
997,Comedy,Old
998,Comedy,Old
999,Comedy,Old
1000,Comedy,Old
1001,Comedy,New
1002,Comedy,New
1003,Children,New
1004,Drama,Old
1005,Drama,Old
1006,Drama,Old
1007,Comedy,New
1008,Drama,New
1009,Drama,New
1010,Drama,New
1011,Crime,New
1012,Comedy,New
1013,Action,New
1014,Comedy,New
1015,Children,New
1016,Action,New
1017,Drama,New
1018,Drama,Old
1019,Action,Old
1020,Mystery,Old
1021,Drama,Old
1022,Documentary,New
1023,Comedy,New
1024,Romance,New
1025,Action,New
1026,Comedy,New
1027,Action,Old
1028,Comedy,Old
1029,Comedy,Old
1030,Comedy,Old
1031,Adventure,Old
1032,Children,Old
1033,Adventure,New
1034,Action,New
1035,Comedy,Old
1036,Comedy,Old
1037,Comedy,Old
1038,Thriller,New
1039,Drama,New
1040,Comedy,New
1041,Comedy,Old
1042,Mystery,Old
1043,Comedy,Old
1044,Comedy,Old
1045,Drama,Old
1046,Thriller,Old
1047,Comedy,New
1048,Comedy,New
1049,Comedy,New
1050,Drama,Old
1051,Comedy,New
1052,Comedy,Old
1053,Drama,Old
1054,Comedy,New
1055,Drama,Old
1056,Horror,Old
1057,Comedy,New
1058,Adventure,Old
1059,Comedy,New
1060,Adventure,New
1061,Comedy,New
1062,Drama,New
1063,Children,Old
1064,Crime,Old
1065,Documentary,Old
1066,Animation,Old
1067,Comedy,New
1068,Drama,Old
1069,Crime,Old
1070,Comedy,Old
1071,Comedy,Old
1072,Comedy,Old
1073,Thriller,Old
1074,Comedy,Old
1075,Drama,Old
1076,Action,Old
1077,Thriller,Old
1078,Animation,Old
1079,Comedy,New
1080,Comedy,Old
1081,Crime,New
1082,Drama,New
1083,Crime,New
1084,Documentary,Old
1085,Drama,New
1086,Drama,Old
1087,Action,Old
1088,Action,New
1089,Action,New
1090,Thriller,Old
1091,Adventure,Old
1092,Comedy,New
1093,Comedy,Old
1094,Comedy,New
1095,Comedy,New
1096,Romance,New
1097,Drama,Old
1098,Comedy,New
1099,Drama,Old
1100,Comedy,Old
1101,Drama,Old
1102,Comedy,New
1103,Comedy,Old
1104,Comedy,Old
1105,Action,New
1106,Crime,New
1107,Drama,Old
1108,Drama,Old
1109,Drama,Old
1110,Action,Old
1111,Drama,Old
1112,Drama,Old
1113,Drama,Old
1114,Comedy,New
1115,Comedy,New
1116,Adventure,Old
1117,Drama,New
1118,Comedy,Old
1119,Drama,Old
1120,Comedy,New
1121,Drama,Old
1122,Crime,Old
1123,Drama,Old
1124,Romance,Old
1125,Thriller,Old
1126,Adventure,Old
1127,Drama,New
1128,Documentary,Old
1129,Drama,Old
1130,Documentary,Old
1131,Thriller,Old
1132,Drama,New
1133,Adventure,Old
1134,Drama,New
1135,Drama,Old
1136,Drama,New
1137,Drama,New
1138,Action,New
1139,Action,Old
1140,Comedy,Old
1141,Documentary,Old
1142,Documentary,New
1143,Crime,New
1144,Drama,New
1145,Drama,Old
1146,Drama,Old
1147,Drama,Old
1148,Drama,Old
1149,Drama,Old
1150,Drama,New
1151,Crime,New
1152,Romance,New
1153,Drama,Old
1154,Sci-Fi,Old
1155,Comedy,Old
1156,Crime,Old
1157,Horror,New
1158,Drama,Old
1159,Mystery,Old
1160,Drama,New
1161,Action,New
1162,Comedy,New
1163,Drama,New
1164,Children,New
1165,Comedy,New
1166,Comedy,Old
1167,Comedy,Old
1168,Drama,Old
1169,Drama,Old
1170,Comedy,Old
1171,Drama,Old
1172,Comedy,Old
1173,Drama,New
1174,Drama,New
1175,Romance,New
1176,Drama,New
1177,Comedy,New
1178,Comedy,Old
1179,Comedy,Old
1180,Action,Old
1181,Action,Old
1182,Comedy,Old
1183,Action,Old
1184,Documentary,Old
1185,Comedy,Old
1186,Comedy,Old
1187,Crime,Old
1188,Action,Old
1189,Drama,New
1190,Comedy,New
1191,Crime,New
1192,Drama,Old
1193,Drama,Old
1194,Crime,Old
1195,Drama,Old
1196,Drama,Old
1197,Comedy,New
1198,Crime,Old
1199,Comedy,Old
1200,Children,Old
1201,Documentary,New
1202,Comedy,Old
1203,Comedy,Old
1204,Comedy,Old
1205,Drama,New
1206,Comedy,Old
1207,Thriller,Old
1208,Crime,Old
1209,Comedy,Old
1210,Sci-Fi,Old
1211,Drama,Old
1212,Drama,Old
1213,Crime,Old
1214,Drama,Old
1215,Action,New
1216,Romance,New
1217,Thriller,Old
1218,Comedy,Old
1219,Animation,Old
1220,Drama,Old
1221,Drama,Old
1222,Action,Old
1223,Drama,Old
1224,Drama,Old
1225,Comedy,Old
1226,Crime,New
1227,Drama,Old
1228,Action,Old
1229,Drama,Old
1230,Comedy,Old
1231,Action,Old
1232,Documentary,Old
1233,Drama,New
1234,Comedy,New
1235,Crime,Old
1236,Drama,New
1237,Comedy,New
1238,Drama,New
1239,Action,Old
1240,Animation,Old
1241,Comedy,New
1242,Comedy,Old
1243,Horror,New
1244,Action,New
1245,Crime,New
1246,Comedy,Old
1247,Western,Old
1248,Thriller,Old
1249,Comedy,Old
1250,Action,Old
1251,Comedy,New
1252,Drama,Old
1253,Thriller,Old
1254,Comedy,New
1255,Drama,New
1256,Drama,New
1257,Drama,New
1258,Comedy,New
1259,Comedy,Old
1260,Drama,Old
1261,Drama,Old
1262,Romance,New
1263,Drama,New
1264,Drama,Old
1265,Drama,New
1266,Drama,Old
1267,Drama,Old
1268,Drama,Old
1269,Comedy,Old
1270,Comedy,Old
1271,Comedy,Old
1272,Comedy,Old
1273,Drama,Old
1274,Sci-Fi,Old
1275,Thriller,Old
1276,Drama,New
1277,Action,New
1278,Drama,New
1279,Adventure,New
1280,Crime,New
1281,Drama,New
1282,Drama,Old
1283,Comedy,New
1284,Drama,New
1285,Drama,Old
1286,Comedy,Old
1287,Comedy,New
1288,Comedy,Old
1289,Romance,Old
1290,Drama,Old
1291,Comedy,New
1292,Children,New
1293,Adventure,New
1294,Documentary,New
1295,Comedy,New
1296,Comedy,New
1297,Drama,Old
1298,Comedy,Old
1299,Drama,Old
1300,Drama,New
1301,Comedy,Old
1302,Comedy,New
1303,Action,Old
1304,Action,New
1305,Comedy,Old
1306,Drama,Old
1307,Documentary,Old
1308,Comedy,Old
1309,Drama,Old
1310,Drama,Old
1311,Comedy,Old
1312,Comedy,New
1313,Film-Noir,New
1314,Action,Old
1315,Drama,New
1316,Drama,New
1317,Drama,Old
1318,Documentary,Old
1319,Drama,Old
1320,Drama,Old
1321,Comedy,New
1322,Comedy,Old
1323,Drama,Old
1324,Drama,Old
1325,Drama,New
1326,Drama,New
1327,Drama,Old
1328,Drama,Old
1329,Drama,Old
1330,Drama,Old
1331,Documentary,Old
1332,Drama,Old
1333,Comedy,Old
1334,Drama,Old
1335,Drama,New
1336,Children,New
1337,Comedy,New
1338,Drama,Old
1339,Comedy,Old
1340,Romance,Old
1341,Drama,Old
1342,Drama,Old
1343,Drama,Old
1344,Drama,Old
1345,Drama,Old
1346,Drama,Old
1347,Drama,Old
1348,Drama,Old
1349,Comedy,Old
1350,Drama,Old
1351,Comedy,New
1352,Drama,Old
1353,Romance,Old
1354,Drama,Old
1355,Drama,New
1356,Comedy,New
1357,Romance,Old
1358,Action,New
1359,Drama,New
1360,Comedy,Old
1361,Comedy,New
1362,Action,New
1363,Documentary,New
1364,Action,New
1365,Action,Old
1366,Documentary,Old
1367,Animation,Old
1368,Drama,Old
1369,Drama,Old
1370,Drama,Old
1371,Comedy,Old
1372,Action,Old
1373,unknown,Old
1374,Comedy,Old
1375,Drama,Old
1376,Comedy,New
1377,Comedy,New
1378,Documentary,New
1379,Romance,New
1380,Drama,New
1381,Drama,New
1382,Drama,Old
1383,Adventure,New
1384,Drama,New
1385,Comedy,New
1386,Sci-Fi,Old
1387,Romance,New
1388,Drama,New
1389,Drama,New
1390,Crime,Old
1391,Drama,New
1392,Drama,New
1393,Action,New
1394,Romance,New
1395,Drama,New
1396,Drama,Old
1397,Drama,Old
1398,Drama,New
1399,Thriller,New
1400,Drama,Old
1401,Drama,Old
1402,Drama,Old
1403,Comedy,Old
1404,Comedy,Old
1405,Drama,New
1406,Drama,Old
1407,Action,Old
1408,Comedy,Old
1409,Animation,Old
1410,Drama,Old
1411,Adventure,Old
1412,Animation,Old
1413,Action,Old
1414,Action,Old
1415,Action,Old
1416,Action,Old
1417,Drama,Old
1418,Drama,Old
1419,Action,Old
1420,Comedy,New
1421,Drama,Old
1422,Film-Noir,Old
1423,Drama,Old
1424,Comedy,Old
1425,Comedy,Old
1426,Comedy,New
1427,Drama,Old
1428,Comedy,New
1429,Drama,New
1430,Drama,New
1431,Thriller,New
1432,Drama,New
1433,Action,New
1434,Romance,New
1435,Comedy,Old
1436,Drama,Old
1437,Comedy,Old
1438,Drama,Old
1439,Crime,Old
1440,Drama,Old
1441,Drama,Old
1442,Drama,Old
1443,Drama,Old
1444,Children,Old
1445,Drama,Old
1446,Comedy,Old
1447,Drama,Old
1448,Drama,Old
1449,Drama,Old
1450,Adventure,Old
1451,Thriller,Old
1452,Comedy,Old
1453,Crime,Old
1454,Western,Old
1455,Western,Old
1456,Comedy,Old
1457,Comedy,New
1458,Comedy,Old
1459,Musical,Old
1460,Comedy,Old
1461,Comedy,Old
1462,Crime,New
1463,Comedy,New
1464,Drama,Old
1465,Comedy,Old
1466,Drama,Old
1467,Drama,Old
1468,Drama,Old
1469,Adventure,Old
1470,Animation,Old
1471,Thriller,Old
1472,Comedy,Old
1473,Children,Old
1474,Comedy,Old
1475,Comedy,Old
1476,Film-Noir,Old
1477,Horror,New
1478,Action,Old
1479,Comedy,Old
1480,Adventure,Old
1481,Drama,Old
1482,Documentary,Old
1483,Action,New
1484,Action,Old
1485,Drama,Old
1486,Drama,Old
1487,Comedy,Old
1488,Drama,Old
1489,Comedy,Old
1490,Comedy,Old
1491,Action,Old
1492,Comedy,Old
1493,Romance,Old
1494,Comedy,Old
1495,Drama,Old
1496,Comedy,New
1497,Documentary,New
1498,Comedy,Old
1499,Comedy,Old
1500,Comedy,New
1501,War,New
1502,Comedy,Old
1503,Adventure,Old
1504,Comedy,Old
1505,Crime,Old
1506,Drama,Old
1507,Comedy,New
1508,Drama,Old
1509,Comedy,Old
1510,Crime,New
1511,Comedy,New
1512,Drama,Old
1513,Comedy,New
1514,Drama,New
1515,Adventure,Old
1516,Drama,Old
1517,Drama,New
1518,Drama,Old
1519,Crime,Old
1520,Horror,Old
1521,Comedy,Old
1522,Thriller,Old
1523,Action,Old
1524,Drama,Old
1525,Comedy,New
1526,Drama,Old
1527,Comedy,New
1528,Drama,New
1529,War,Old
1530,Drama,Old
1531,Adventure,Old
1532,Drama,Old
1533,Drama,Old
1534,Comedy,New
1535,Drama,Old
1536,Drama,Old
1537,Comedy,New
1538,Drama,New
1539,Drama,Old
1540,Adventure,Old
1541,Drama,Old
1542,Drama,Old
1543,Drama,New
1544,Comedy,Old
1545,Drama,Old
1546,Drama,Old
1547,Documentary,Old
1548,Action,Old
1549,Thriller,Old
1550,Comedy,Old
1551,Drama,Old
1552,Action,Old
1553,Mystery,Old
1554,Drama,Old
1555,Adventure,Old
1556,Action,Old
1557,Comedy,Old
1558,Drama,Old
1559,Action,Old
1560,Crime,Old
1561,Documentary,Old
1562,Documentary,Old
1563,Romance,Old
1564,Drama,Old
1565,Drama,Old
1566,Drama,Old
1567,Comedy,Old
1568,Comedy,Old
1569,Comedy,Old
1570,Comedy,Old
1571,Drama,Old
1572,Drama,Old
1573,Horror,Old
1574,War,Old
1575,Drama,Old
1576,Fantasy,Old
1577,Drama,Old
1578,Drama,Old
1579,Thriller,Old
1580,Romance,Old
1581,Mystery,Old
1582,Film-Noir,Old
1583,Drama,Old
1584,Drama,Old
1585,Documentary,Old
1586,Action,Old
1587,Western,Old
1588,Comedy,New
1589,Comedy,New
1590,Drama,Old
1591,Drama,Old
1592,Drama,New
1593,Comedy,Old
1594,Documentary,New
1595,Action,Old
1596,Action,Old
1597,Action,Old
1598,Crime,New
1599,Drama,Old
1600,Comedy,Old
1601,Thriller,New
1602,Drama,New
1603,Drama,Old
1604,Crime,Old
1605,Comedy,New
1606,Crime,New
1607,Drama,New
1608,Adventure,New
1609,Comedy,New
1610,Action,New
1611,Comedy,New
1612,Romance,New
1613,Action,Old
1614,Comedy,Old
1615,Action,New
1616,Drama,Old
1617,Romance,New
1618,Action,Old
1619,Drama,New
1620,Comedy,New
1621,Thriller,Old
1622,Comedy,Old
1623,Drama,Old
1624,Thriller,New
1625,Horror,New
1626,Comedy,Old
1627,Comedy,Old
1628,Drama,Old
1629,Documentary,Old
1630,Drama,Old
1631,Comedy,Old
1632,War,Old
1633,Comedy,Old
1634,Drama,Old
1635,Drama,Old
1636,Drama,Old
1637,Drama,New
1638,Crime,New
1639,Drama,New
1640,Drama,New
1641,Documentary,Old
1642,Drama,New
1643,Drama,Old
1644,Comedy,New
1645,Drama,New
1646,Action,New
1647,Comedy,New
1648,Drama,New
1649,Comedy,New
1650,Drama,New
1651,Drama,New
1652,Romance,New
1653,Drama,New
1654,Comedy,New
1655,Comedy,Old
1656,Comedy,New
1657,Action,Old
1658,Drama,New
1659,Comedy,New
1660,Drama,Old
1661,Drama,Old
1662,Drama,Old
1663,Drama,Old
1664,Comedy,New
1665,Drama,New
1666,Drama,New
1667,Drama,Old
1668,Comedy,New
1669,Crime,New
1670,Comedy,New
1671,Drama,New
1672,Drama,Old
1673,Action,Old
1674,Drama,Old
1675,Drama,New
1676,Drama,New
1677,Drama,Old
1678,Drama,New
1679,Romance,New
1680,Drama,New
1681,Comedy,Old
1682,Drama,Old
